generator,variant,n_bits,seconds,vn_rounds
henon,raw,1000000,2.1990415999898687,
henon,sha2,1000000,2.3288721999851987,
henon,sha3,1000000,2.3745803999481723,
henon,vn,1000000,11.701726200000849,2.0
logistic,raw,1000000,0.32726869999896735,
logistic,sha2,1000000,0.4169881999841891,
logistic,sha3,1000000,0.5115694999694824,
logistic,vn,1000000,4.088077200052794,2.0
tent,raw,1000000,0.4693416999652982,
tent,sha2,1000000,0.4272676999680698,
tent,sha3,1000000,0.45828000002074987,
tent,vn,1000000,4.2658533999929205,2.0
