generator,variant,tests_total,tests_passed,pass_rate,worst_p,worst_prop,kind,family
chacha,raw,162,162,1.0,0.000439,0.9,baseline,raw
henon,raw,162,2,0.012345679012345678,0.0,0.0,chaos,raw
henon,sha2,162,162,1.0,0.000199,0.9,chaos,hash
henon,sha3,162,162,1.0,0.008879,0.9,chaos,hash
henon,vn,162,5,0.030864197530864196,0.0,0.0,chaos,vn
logistic,raw,162,2,0.012345679012345678,0.0,0.0,chaos,raw
logistic,sha2,162,149,0.9197530864197531,0.004301,0.7,chaos,hash
logistic,sha3,162,146,0.9012345679012346,0.008879,0.7,chaos,hash
logistic,vn,162,5,0.030864197530864196,0.0,0.0,chaos,vn
tent,raw,162,3,0.018518518518518517,0.0,0.0,chaos,raw
tent,sha2,162,162,1.0,0.008879,0.9,chaos,hash
tent,sha3,162,162,1.0,0.008879,0.9,chaos,hash
tent,vn,162,26,0.16049382716049382,0.0,0.2,chaos,vn
